text,label
Click here to claim your reward,spam
Meeting scheduled at 10 AM tomorrow,ham
"Limited time offer, buy now",spam
Please find the attached report,ham
Don’t forget the team outing next Friday,ham
Annual performance review scheduled,ham
"Limited time offer, buy now",spam
Let’s connect for the project discussion,ham
Meet singles in your area,spam
Team lunch at 1 PM today,ham
Meet singles in your area,spam
Annual performance review scheduled,ham
Review the PR before 5 PM,ham
Here’s the summary of our last meeting,ham
"Your loan is approved, apply now",spam
Annual performance review scheduled,ham
Reminder: Submit your timesheet,ham
Reminder: Submit your timesheet,ham
Annual performance review scheduled,ham
Don’t forget the team outing next Friday,ham
Annual performance review scheduled,ham
Meet singles in your area,spam
Earn money from home easily,spam
Win a FREE iPhone now,spam
Win a FREE iPhone now,spam
Please find the attached report,ham
"Your loan is approved, apply now",spam
Annual performance review scheduled,ham
Earn money from home easily,spam
Click here to claim your reward,spam
100% guaranteed weight loss,spam
Invoice for your last month purchase,ham
Earn money from home easily,spam
Let’s connect for the project discussion,ham
"Your loan is approved, apply now",spam
"Limited time offer, buy now",spam
Don’t forget the team outing next Friday,ham
"Congratulations, you’ve won a lottery",spam
Invoice for your last month purchase,ham
Click here to claim your reward,spam
Annual performance review scheduled,ham
Get rich quick with this one trick,spam
Get rich quick with this one trick,spam
Earn money from home easily,spam
Invoice for your last month purchase,ham
Get rich quick with this one trick,spam
Team lunch at 1 PM today,ham
Meet singles in your area,spam
Review the PR before 5 PM,ham
"Your loan is approved, apply now",spam
Team lunch at 1 PM today,ham
Get rich quick with this one trick,spam
Review the PR before 5 PM,ham
100% guaranteed weight loss,spam
Invoice for your last month purchase,ham
Urgent: Your account has been suspended,spam
"Limited time offer, buy now",spam
Team lunch at 1 PM today,ham
Win a FREE iPhone now,spam
Review the PR before 5 PM,ham
100% guaranteed weight loss,spam
Reminder: Submit your timesheet,ham
Meeting scheduled at 10 AM tomorrow,ham
Invoice for your last month purchase,ham
Urgent: Your account has been suspended,spam
Team lunch at 1 PM today,ham
Please find the attached report,ham
"Your loan is approved, apply now",spam
Review the PR before 5 PM,ham
100% guaranteed weight loss,spam
Annual performance review scheduled,ham
Get rich quick with this one trick,spam
Here’s the summary of our last meeting,ham
"Congratulations, you’ve won a lottery",spam
Here’s the summary of our last meeting,ham
Earn money from home easily,spam
Team lunch at 1 PM today,ham
Reminder: Submit your timesheet,ham
100% guaranteed weight loss,spam
Meeting scheduled at 10 AM tomorrow,ham
Urgent: Your account has been suspended,spam
"Your loan is approved, apply now",spam
100% guaranteed weight loss,spam
Let’s connect for the project discussion,ham
Annual performance review scheduled,ham
Annual performance review scheduled,ham
Click here to claim your reward,spam
Earn money from home easily,spam
Here’s the summary of our last meeting,ham
"Congratulations, you’ve won a lottery",spam
Here’s the summary of our last meeting,ham
"Limited time offer, buy now",spam
Win a FREE iPhone now,spam
Annual performance review scheduled,ham
Click here to claim your reward,spam
Earn money from home easily,spam
Let’s connect for the project discussion,ham
Review the PR before 5 PM,ham
Let’s connect for the project discussion,ham
Urgent: Your account has been suspended,spam
Urgent: Your account has been suspended,spam
Click here to claim your reward,spam
Please find the attached report,ham
Invoice for your last month purchase,ham
Meet singles in your area,spam
Let’s connect for the project discussion,ham
"Limited time offer, buy now",spam
Invoice for your last month purchase,ham
Annual performance review scheduled,ham
Meet singles in your area,spam
Earn money from home easily,spam
Invoice for your last month purchase,ham
Team lunch at 1 PM today,ham
Don’t forget the team outing next Friday,ham
Annual performance review scheduled,ham
Please find the attached report,ham
Let’s connect for the project discussion,ham
Team lunch at 1 PM today,ham
Don’t forget the team outing next Friday,ham
Here’s the summary of our last meeting,ham
Urgent: Your account has been suspended,spam
Meet singles in your area,spam
Invoice for your last month purchase,ham
Reminder: Submit your timesheet,ham
Annual performance review scheduled,ham
Team lunch at 1 PM today,ham
Meet singles in your area,spam
Click here to claim your reward,spam
Meet singles in your area,spam
Team lunch at 1 PM today,ham
Win a FREE iPhone now,spam
Meet singles in your area,spam
Reminder: Submit your timesheet,ham
Team lunch at 1 PM today,ham
Urgent: Your account has been suspended,spam
Team lunch at 1 PM today,ham
Let’s connect for the project discussion,ham
Please find the attached report,ham
Invoice for your last month purchase,ham
"Congratulations, you’ve won a lottery",spam
Meeting scheduled at 10 AM tomorrow,ham
Let’s connect for the project discussion,ham
Please find the attached report,ham
100% guaranteed weight loss,spam
"Your loan is approved, apply now",spam
Meeting scheduled at 10 AM tomorrow,ham
Meeting scheduled at 10 AM tomorrow,ham
Annual performance review scheduled,ham
Earn money from home easily,spam
Earn money from home easily,spam
Please find the attached report,ham
Please find the attached report,ham
Team lunch at 1 PM today,ham
"Your loan is approved, apply now",spam
Earn money from home easily,spam
"Congratulations, you’ve won a lottery",spam
Reminder: Submit your timesheet,ham
Click here to claim your reward,spam
Get rich quick with this one trick,spam
Team lunch at 1 PM today,ham
Click here to claim your reward,spam
Get rich quick with this one trick,spam
Win a FREE iPhone now,spam
Urgent: Your account has been suspended,spam
Reminder: Submit your timesheet,ham
Meeting scheduled at 10 AM tomorrow,ham
Urgent: Your account has been suspended,spam
Get rich quick with this one trick,spam
Review the PR before 5 PM,ham
"Your loan is approved, apply now",spam
Don’t forget the team outing next Friday,ham
Please find the attached report,ham
Here’s the summary of our last meeting,ham
Team lunch at 1 PM today,ham
Invoice for your last month purchase,ham
Annual performance review scheduled,ham
Click here to claim your reward,spam
Reminder: Submit your timesheet,ham
Click here to claim your reward,spam
Please find the attached report,ham
Get rich quick with this one trick,spam
Meet singles in your area,spam
Here’s the summary of our last meeting,ham
Review the PR before 5 PM,ham
Urgent: Your account has been suspended,spam
Get rich quick with this one trick,spam
Click here to claim your reward,spam
Team lunch at 1 PM today,ham
Get rich quick with this one trick,spam
Please find the attached report,ham
Invoice for your last month purchase,ham
Reminder: Submit your timesheet,ham
Don’t forget the team outing next Friday,ham
Click here to claim your reward,spam
Win a FREE iPhone now,spam
Review the PR before 5 PM,ham
"Your loan is approved, apply now",spam
100% guaranteed weight loss,spam
Review the PR before 5 PM,ham
Don’t forget the team outing next Friday,ham
"Congratulations, you’ve won a lottery",spam
Earn money from home easily,spam
Urgent: Your account has been suspended,spam
"Your loan is approved, apply now",spam
Invoice for your last month purchase,ham
Don’t forget the team outing next Friday,ham
Earn money from home easily,spam
Meet singles in your area,spam
Meeting scheduled at 10 AM tomorrow,ham
Get rich quick with this one trick,spam
Earn money from home easily,spam
Meet singles in your area,spam
Please find the attached report,ham
Invoice for your last month purchase,ham
Here’s the summary of our last meeting,ham
Let’s connect for the project discussion,ham
Reminder: Submit your timesheet,ham
Let’s connect for the project discussion,ham
"Your loan is approved, apply now",spam
Earn money from home easily,spam
"Congratulations, you’ve won a lottery",spam
Team lunch at 1 PM today,ham
Earn money from home easily,spam
Team lunch at 1 PM today,ham
Review the PR before 5 PM,ham
"Limited time offer, buy now",spam
Here’s the summary of our last meeting,ham
Review the PR before 5 PM,ham
Review the PR before 5 PM,ham
"Limited time offer, buy now",spam
Please find the attached report,ham
"Your loan is approved, apply now",spam
Reminder: Submit your timesheet,ham
Urgent: Your account has been suspended,spam
Annual performance review scheduled,ham
Win a FREE iPhone now,spam
Get rich quick with this one trick,spam
Win a FREE iPhone now,spam
Here’s the summary of our last meeting,ham
Annual performance review scheduled,ham
Meet singles in your area,spam
Here’s the summary of our last meeting,ham
Here’s the summary of our last meeting,ham
"Limited time offer, buy now",spam
"Limited time offer, buy now",spam
Please find the attached report,ham
Invoice for your last month purchase,ham
Earn money from home easily,spam
Reminder: Submit your timesheet,ham
Meet singles in your area,spam
Invoice for your last month purchase,ham
"Congratulations, you’ve won a lottery",spam
Here’s the summary of our last meeting,ham
Invoice for your last month purchase,ham
Invoice for your last month purchase,ham
Reminder: Submit your timesheet,ham
Here’s the summary of our last meeting,ham
Meet singles in your area,spam
Win a FREE iPhone now,spam
Reminder: Submit your timesheet,ham
Get rich quick with this one trick,spam
Review the PR before 5 PM,ham
Urgent: Your account has been suspended,spam
Here’s the summary of our last meeting,ham
Please find the attached report,ham
Win a FREE iPhone now,spam
"Congratulations, you’ve won a lottery",spam
"Your loan is approved, apply now",spam
Get rich quick with this one trick,spam
Click here to claim your reward,spam
"Your loan is approved, apply now",spam
Meet singles in your area,spam
"Your loan is approved, apply now",spam
Meet singles in your area,spam
"Congratulations, you’ve won a lottery",spam
Annual performance review scheduled,ham
Click here to claim your reward,spam
Meet singles in your area,spam
Team lunch at 1 PM today,ham
Meeting scheduled at 10 AM tomorrow,ham
Team lunch at 1 PM today,ham
Urgent: Your account has been suspended,spam
Win a FREE iPhone now,spam
Urgent: Your account has been suspended,spam
Click here to claim your reward,spam
Here’s the summary of our last meeting,ham
Click here to claim your reward,spam
Let’s connect for the project discussion,ham
"Your loan is approved, apply now",spam
Review the PR before 5 PM,ham
Get rich quick with this one trick,spam
Please find the attached report,ham
Invoice for your last month purchase,ham
Annual performance review scheduled,ham
Annual performance review scheduled,ham
Click here to claim your reward,spam
Team lunch at 1 PM today,ham
"Congratulations, you’ve won a lottery",spam
"Limited time offer, buy now",spam
Team lunch at 1 PM today,ham
Meet singles in your area,spam
Meeting scheduled at 10 AM tomorrow,ham
"Congratulations, you’ve won a lottery",spam
Review the PR before 5 PM,ham
Meet singles in your area,spam
Earn money from home easily,spam
Team lunch at 1 PM today,ham
Meet singles in your area,spam
Review the PR before 5 PM,ham
Don’t forget the team outing next Friday,ham
Reminder: Submit your timesheet,ham
Earn money from home easily,spam
"Congratulations, you’ve won a lottery",spam
Don’t forget the team outing next Friday,ham
Reminder: Submit your timesheet,ham
Get rich quick with this one trick,spam
Let’s connect for the project discussion,ham
Here’s the summary of our last meeting,ham
Here’s the summary of our last meeting,ham
"Congratulations, you’ve won a lottery",spam
"Your loan is approved, apply now",spam
"Limited time offer, buy now",spam
Meeting scheduled at 10 AM tomorrow,ham
100% guaranteed weight loss,spam
Review the PR before 5 PM,ham
Get rich quick with this one trick,spam
Click here to claim your reward,spam
100% guaranteed weight loss,spam
Review the PR before 5 PM,ham
Annual performance review scheduled,ham
Get rich quick with this one trick,spam
Here’s the summary of our last meeting,ham
Annual performance review scheduled,ham
Meeting scheduled at 10 AM tomorrow,ham
Get rich quick with this one trick,spam
Earn money from home easily,spam
Urgent: Your account has been suspended,spam
Don’t forget the team outing next Friday,ham
Here’s the summary of our last meeting,ham
Meet singles in your area,spam
100% guaranteed weight loss,spam
Don’t forget the team outing next Friday,ham
Urgent: Your account has been suspended,spam
Let’s connect for the project discussion,ham
Team lunch at 1 PM today,ham
"Your loan is approved, apply now",spam
"Congratulations, you’ve won a lottery",spam
"Congratulations, you’ve won a lottery",spam
100% guaranteed weight loss,spam
Get rich quick with this one trick,spam
Get rich quick with this one trick,spam
Urgent: Your account has been suspended,spam
Click here to claim your reward,spam
100% guaranteed weight loss,spam
Get rich quick with this one trick,spam
Earn money from home easily,spam
"Your loan is approved, apply now",spam
Don’t forget the team outing next Friday,ham
Review the PR before 5 PM,ham
Review the PR before 5 PM,ham
"Congratulations, you’ve won a lottery",spam
Earn money from home easily,spam
Meeting scheduled at 10 AM tomorrow,ham
"Congratulations, you’ve won a lottery",spam
Earn money from home easily,spam
Review the PR before 5 PM,ham
Meet singles in your area,spam
Get rich quick with this one trick,spam
"Congratulations, you’ve won a lottery",spam
Get rich quick with this one trick,spam
Let’s connect for the project discussion,ham
Invoice for your last month purchase,ham
Invoice for your last month purchase,ham
Let’s connect for the project discussion,ham
Get rich quick with this one trick,spam
Review the PR before 5 PM,ham
100% guaranteed weight loss,spam
Click here to claim your reward,spam
Meeting scheduled at 10 AM tomorrow,ham
Get rich quick with this one trick,spam
"Your loan is approved, apply now",spam
"Congratulations, you’ve won a lottery",spam
Review the PR before 5 PM,ham
Please find the attached report,ham
Meeting scheduled at 10 AM tomorrow,ham
Review the PR before 5 PM,ham
Earn money from home easily,spam
Annual performance review scheduled,ham
Click here to claim your reward,spam
Don’t forget the team outing next Friday,ham
Click here to claim your reward,spam
Click here to claim your reward,spam
Let’s connect for the project discussion,ham
Don’t forget the team outing next Friday,ham
Win a FREE iPhone now,spam
Let’s connect for the project discussion,ham
Win a FREE iPhone now,spam
Get rich quick with this one trick,spam
Earn money from home easily,spam
Reminder: Submit your timesheet,ham
Annual performance review scheduled,ham
Meeting scheduled at 10 AM tomorrow,ham
Please find the attached report,ham
Don’t forget the team outing next Friday,ham
"Congratulations, you’ve won a lottery",spam
Team lunch at 1 PM today,ham
Don’t forget the team outing next Friday,ham
Reminder: Submit your timesheet,ham
"Your loan is approved, apply now",spam
Please find the attached report,ham
Review the PR before 5 PM,ham
Annual performance review scheduled,ham
Let’s connect for the project discussion,ham
Earn money from home easily,spam
Let’s connect for the project discussion,ham
"Your loan is approved, apply now",spam
"Limited time offer, buy now",spam
Don’t forget the team outing next Friday,ham
Annual performance review scheduled,ham
Team lunch at 1 PM today,ham
Earn money from home easily,spam
Please find the attached report,ham
Annual performance review scheduled,ham
Review the PR before 5 PM,ham
100% guaranteed weight loss,spam
Reminder: Submit your timesheet,ham
"Your loan is approved, apply now",spam
Urgent: Your account has been suspended,spam
Get rich quick with this one trick,spam
Here’s the summary of our last meeting,ham
100% guaranteed weight loss,spam
Earn money from home easily,spam
Meeting scheduled at 10 AM tomorrow,ham
"Your loan is approved, apply now",spam
Invoice for your last month purchase,ham
Let’s connect for the project discussion,ham
Reminder: Submit your timesheet,ham
Here’s the summary of our last meeting,ham
"Limited time offer, buy now",spam
Reminder: Submit your timesheet,ham
"Congratulations, you’ve won a lottery",spam
Meeting scheduled at 10 AM tomorrow,ham
Let’s connect for the project discussion,ham
100% guaranteed weight loss,spam
Meet singles in your area,spam
"Congratulations, you’ve won a lottery",spam
Meeting scheduled at 10 AM tomorrow,ham
Urgent: Your account has been suspended,spam
Annual performance review scheduled,ham
Team lunch at 1 PM today,ham
"Congratulations, you’ve won a lottery",spam
Win a FREE iPhone now,spam
Review the PR before 5 PM,ham
Please find the attached report,ham
Don’t forget the team outing next Friday,ham
Here’s the summary of our last meeting,ham
100% guaranteed weight loss,spam
Please find the attached report,ham
Don’t forget the team outing next Friday,ham
Please find the attached report,ham
Here’s the summary of our last meeting,ham
Meet singles in your area,spam
Please find the attached report,ham
Reminder: Submit your timesheet,ham
Click here to claim your reward,spam
Urgent: Your account has been suspended,spam
Meet singles in your area,spam
Invoice for your last month purchase,ham
"Your loan is approved, apply now",spam
Please find the attached report,ham
Here’s the summary of our last meeting,ham
Reminder: Submit your timesheet,ham
Annual performance review scheduled,ham
"Congratulations, you’ve won a lottery",spam
100% guaranteed weight loss,spam
Please find the attached report,ham
Here’s the summary of our last meeting,ham
Get rich quick with this one trick,spam
Earn money from home easily,spam
Meet singles in your area,spam
Win a FREE iPhone now,spam
Team lunch at 1 PM today,ham
Click here to claim your reward,spam
Please find the attached report,ham
Invoice for your last month purchase,ham
Invoice for your last month purchase,ham
Meet singles in your area,spam
Reminder: Submit your timesheet,ham
Click here to claim your reward,spam
Invoice for your last month purchase,ham
Team lunch at 1 PM today,ham
Let’s connect for the project discussion,ham
Get rich quick with this one trick,spam
Meeting scheduled at 10 AM tomorrow,ham
Don’t forget the team outing next Friday,ham
Get rich quick with this one trick,spam
Earn money from home easily,spam
100% guaranteed weight loss,spam
Invoice for your last month purchase,ham
"Limited time offer, buy now",spam
100% guaranteed weight loss,spam
Review the PR before 5 PM,ham
100% guaranteed weight loss,spam
"Your loan is approved, apply now",spam
Meeting scheduled at 10 AM tomorrow,ham
Review the PR before 5 PM,ham
Let’s connect for the project discussion,ham
Meet singles in your area,spam
Earn money from home easily,spam
Let’s connect for the project discussion,ham
Invoice for your last month purchase,ham
Let’s connect for the project discussion,ham
Reminder: Submit your timesheet,ham
Click here to claim your reward,spam
Don’t forget the team outing next Friday,ham
Click here to claim your reward,spam
Click here to claim your reward,spam
Team lunch at 1 PM today,ham
Urgent: Your account has been suspended,spam
Let’s connect for the project discussion,ham
Here’s the summary of our last meeting,ham
Review the PR before 5 PM,ham
Don’t forget the team outing next Friday,ham
Invoice for your last month purchase,ham
100% guaranteed weight loss,spam
Meeting scheduled at 10 AM tomorrow,ham
Invoice for your last month purchase,ham
"Your loan is approved, apply now",spam
Please find the attached report,ham
Win a FREE iPhone now,spam
Review the PR before 5 PM,ham
Earn money from home easily,spam
"Limited time offer, buy now",spam
Annual performance review scheduled,ham
Win a FREE iPhone now,spam
Get rich quick with this one trick,spam
Meet singles in your area,spam
"Limited time offer, buy now",spam
"Your loan is approved, apply now",spam
Click here to claim your reward,spam
Earn money from home easily,spam
Get rich quick with this one trick,spam
Reminder: Submit your timesheet,ham
Earn money from home easily,spam
"Limited time offer, buy now",spam
Win a FREE iPhone now,spam
Team lunch at 1 PM today,ham
Meet singles in your area,spam
"Your loan is approved, apply now",spam
Reminder: Submit your timesheet,ham
Invoice for your last month purchase,ham
Meet singles in your area,spam
Click here to claim your reward,spam
Reminder: Submit your timesheet,ham
"Congratulations, you’ve won a lottery",spam
"Limited time offer, buy now",spam
Don’t forget the team outing next Friday,ham
Win a FREE iPhone now,spam
Click here to claim your reward,spam
Invoice for your last month purchase,ham
Earn money from home easily,spam
Earn money from home easily,spam
Invoice for your last month purchase,ham
100% guaranteed weight loss,spam
"Congratulations, you’ve won a lottery",spam
100% guaranteed weight loss,spam
"Congratulations, you’ve won a lottery",spam
Earn money from home easily,spam
"Your loan is approved, apply now",spam
Let’s connect for the project discussion,ham
Let’s connect for the project discussion,ham
Annual performance review scheduled,ham
Annual performance review scheduled,ham
"Congratulations, you’ve won a lottery",spam
Get rich quick with this one trick,spam
Here’s the summary of our last meeting,ham
"Your loan is approved, apply now",spam
Earn money from home easily,spam
Click here to claim your reward,spam
Review the PR before 5 PM,ham
Get rich quick with this one trick,spam
"Limited time offer, buy now",spam
Meeting scheduled at 10 AM tomorrow,ham
Annual performance review scheduled,ham
Here’s the summary of our last meeting,ham
Earn money from home easily,spam
"Limited time offer, buy now",spam
100% guaranteed weight loss,spam
"Limited time offer, buy now",spam
Don’t forget the team outing next Friday,ham
Urgent: Your account has been suspended,spam
100% guaranteed weight loss,spam
Here’s the summary of our last meeting,ham
Get rich quick with this one trick,spam
Review the PR before 5 PM,ham
Review the PR before 5 PM,ham
Let’s connect for the project discussion,ham
Here’s the summary of our last meeting,ham
Don’t forget the team outing next Friday,ham
"Limited time offer, buy now",spam
Get rich quick with this one trick,spam
Please find the attached report,ham
Annual performance review scheduled,ham
"Limited time offer, buy now",spam
Invoice for your last month purchase,ham
"Limited time offer, buy now",spam
Annual performance review scheduled,ham
Win a FREE iPhone now,spam
Reminder: Submit your timesheet,ham
Annual performance review scheduled,ham
Don’t forget the team outing next Friday,ham
Meeting scheduled at 10 AM tomorrow,ham
Invoice for your last month purchase,ham
Click here to claim your reward,spam
Win a FREE iPhone now,spam
"Limited time offer, buy now",spam
Please find the attached report,ham
Win a FREE iPhone now,spam
Team lunch at 1 PM today,ham
"Limited time offer, buy now",spam
Don’t forget the team outing next Friday,ham
Click here to claim your reward,spam
Review the PR before 5 PM,ham
Reminder: Submit your timesheet,ham
Win a FREE iPhone now,spam
Earn money from home easily,spam
Let’s connect for the project discussion,ham
"Congratulations, you’ve won a lottery",spam
"Congratulations, you’ve won a lottery",spam
Get rich quick with this one trick,spam
Let’s connect for the project discussion,ham
Review the PR before 5 PM,ham
Team lunch at 1 PM today,ham
Please find the attached report,ham
Team lunch at 1 PM today,ham
Please find the attached report,ham
Please find the attached report,ham
Earn money from home easily,spam
Urgent: Your account has been suspended,spam
Invoice for your last month purchase,ham
Invoice for your last month purchase,ham
Please find the attached report,ham
Don’t forget the team outing next Friday,ham
"Your loan is approved, apply now",spam
Let’s connect for the project discussion,ham
Meeting scheduled at 10 AM tomorrow,ham
Win a FREE iPhone now,spam
Win a FREE iPhone now,spam
Don’t forget the team outing next Friday,ham
Meeting scheduled at 10 AM tomorrow,ham
Earn money from home easily,spam
Click here to claim your reward,spam
Get rich quick with this one trick,spam
Let’s connect for the project discussion,ham
Urgent: Your account has been suspended,spam
Meeting scheduled at 10 AM tomorrow,ham
Invoice for your last month purchase,ham
Meet singles in your area,spam
Meet singles in your area,spam
Win a FREE iPhone now,spam
Here’s the summary of our last meeting,ham
Reminder: Submit your timesheet,ham
Annual performance review scheduled,ham
Get rich quick with this one trick,spam
Let’s connect for the project discussion,ham
Let’s connect for the project discussion,ham
Here’s the summary of our last meeting,ham
Get rich quick with this one trick,spam
Click here to claim your reward,spam
Reminder: Submit your timesheet,ham
"Limited time offer, buy now",spam
Urgent: Your account has been suspended,spam
Get rich quick with this one trick,spam
Please find the attached report,ham
"Your loan is approved, apply now",spam
Meeting scheduled at 10 AM tomorrow,ham
"Your loan is approved, apply now",spam
Please find the attached report,ham
Team lunch at 1 PM today,ham
Let’s connect for the project discussion,ham
Review the PR before 5 PM,ham
Get rich quick with this one trick,spam
Get rich quick with this one trick,spam
Reminder: Submit your timesheet,ham
Team lunch at 1 PM today,ham
Invoice for your last month purchase,ham
Urgent: Your account has been suspended,spam
Get rich quick with this one trick,spam
Click here to claim your reward,spam
Click here to claim your reward,spam
Here’s the summary of our last meeting,ham
Here’s the summary of our last meeting,ham
Reminder: Submit your timesheet,ham
Earn money from home easily,spam
Let’s connect for the project discussion,ham
"Limited time offer, buy now",spam
Meeting scheduled at 10 AM tomorrow,ham
"Limited time offer, buy now",spam
Meet singles in your area,spam
Meeting scheduled at 10 AM tomorrow,ham
Invoice for your last month purchase,ham
Get rich quick with this one trick,spam
Please find the attached report,ham
Team lunch at 1 PM today,ham
Invoice for your last month purchase,ham
Please find the attached report,ham
Urgent: Your account has been suspended,spam
Annual performance review scheduled,ham
Review the PR before 5 PM,ham
Click here to claim your reward,spam
Click here to claim your reward,spam
Please find the attached report,ham
Review the PR before 5 PM,ham
100% guaranteed weight loss,spam
Urgent: Your account has been suspended,spam
Win a FREE iPhone now,spam
"Limited time offer, buy now",spam
Reminder: Submit your timesheet,ham
Annual performance review scheduled,ham
Please find the attached report,ham
Meeting scheduled at 10 AM tomorrow,ham
Get rich quick with this one trick,spam
Don’t forget the team outing next Friday,ham
100% guaranteed weight loss,spam
Meeting scheduled at 10 AM tomorrow,ham
Review the PR before 5 PM,ham
Don’t forget the team outing next Friday,ham
Team lunch at 1 PM today,ham
Meeting scheduled at 10 AM tomorrow,ham
Review the PR before 5 PM,ham
"Limited time offer, buy now",spam
Annual performance review scheduled,ham
Please find the attached report,ham
Meet singles in your area,spam
Get rich quick with this one trick,spam
Let’s connect for the project discussion,ham
Please find the attached report,ham
Review the PR before 5 PM,ham
Click here to claim your reward,spam
100% guaranteed weight loss,spam
"Limited time offer, buy now",spam
Here’s the summary of our last meeting,ham
Team lunch at 1 PM today,ham
"Limited time offer, buy now",spam
Meet singles in your area,spam
"Congratulations, you’ve won a lottery",spam
"Limited time offer, buy now",spam
Meet singles in your area,spam
"Congratulations, you’ve won a lottery",spam
Meet singles in your area,spam
Meet singles in your area,spam
Urgent: Your account has been suspended,spam
Meeting scheduled at 10 AM tomorrow,ham
Annual performance review scheduled,ham
Click here to claim your reward,spam
Review the PR before 5 PM,ham
"Congratulations, you’ve won a lottery",spam
Annual performance review scheduled,ham
Get rich quick with this one trick,spam
Reminder: Submit your timesheet,ham
Meet singles in your area,spam
Meet singles in your area,spam
Meet singles in your area,spam
Let’s connect for the project discussion,ham
"Your loan is approved, apply now",spam
100% guaranteed weight loss,spam
Win a FREE iPhone now,spam
Win a FREE iPhone now,spam
Here’s the summary of our last meeting,ham
Team lunch at 1 PM today,ham
"Limited time offer, buy now",spam
Urgent: Your account has been suspended,spam
Please find the attached report,ham
Reminder: Submit your timesheet,ham
Meet singles in your area,spam
Get rich quick with this one trick,spam
Let’s connect for the project discussion,ham
Get rich quick with this one trick,spam
Invoice for your last month purchase,ham
Annual performance review scheduled,ham
Don’t forget the team outing next Friday,ham
Get rich quick with this one trick,spam
Meeting scheduled at 10 AM tomorrow,ham
"Congratulations, you’ve won a lottery",spam
"Limited time offer, buy now",spam
Get rich quick with this one trick,spam
Meet singles in your area,spam
Meeting scheduled at 10 AM tomorrow,ham
Win a FREE iPhone now,spam
Don’t forget the team outing next Friday,ham
Invoice for your last month purchase,ham
Urgent: Your account has been suspended,spam
Team lunch at 1 PM today,ham
Annual performance review scheduled,ham
Don’t forget the team outing next Friday,ham
"Your loan is approved, apply now",spam
Reminder: Submit your timesheet,ham
Reminder: Submit your timesheet,ham
Click here to claim your reward,spam
Win a FREE iPhone now,spam
Click here to claim your reward,spam
100% guaranteed weight loss,spam
Annual performance review scheduled,ham
Click here to claim your reward,spam
"Congratulations, you’ve won a lottery",spam
Invoice for your last month purchase,ham
"Your loan is approved, apply now",spam
Urgent: Your account has been suspended,spam
Invoice for your last month purchase,ham
Get rich quick with this one trick,spam
Meet singles in your area,spam
Click here to claim your reward,spam
Invoice for your last month purchase,ham
Please find the attached report,ham
Here’s the summary of our last meeting,ham
"Congratulations, you’ve won a lottery",spam
Please find the attached report,ham
Please find the attached report,ham
Click here to claim your reward,spam
"Your loan is approved, apply now",spam
"Your loan is approved, apply now",spam
Here’s the summary of our last meeting,ham
Review the PR before 5 PM,ham
Earn money from home easily,spam
Here’s the summary of our last meeting,ham
Please find the attached report,ham
"Your loan is approved, apply now",spam
Earn money from home easily,spam
Win a FREE iPhone now,spam
Review the PR before 5 PM,ham
Earn money from home easily,spam
100% guaranteed weight loss,spam
Let’s connect for the project discussion,ham
Team lunch at 1 PM today,ham
Don’t forget the team outing next Friday,ham
Get rich quick with this one trick,spam
100% guaranteed weight loss,spam
Click here to claim your reward,spam
Here’s the summary of our last meeting,ham
Let’s connect for the project discussion,ham
Get rich quick with this one trick,spam
Annual performance review scheduled,ham
Don’t forget the team outing next Friday,ham
Reminder: Submit your timesheet,ham
Get rich quick with this one trick,spam
Reminder: Submit your timesheet,ham
Please find the attached report,ham
Meet singles in your area,spam
Review the PR before 5 PM,ham
Get rich quick with this one trick,spam
"Limited time offer, buy now",spam
Review the PR before 5 PM,ham
Annual performance review scheduled,ham
"Your loan is approved, apply now",spam
Reminder: Submit your timesheet,ham
Get rich quick with this one trick,spam
Urgent: Your account has been suspended,spam
Get rich quick with this one trick,spam
Team lunch at 1 PM today,ham
Annual performance review scheduled,ham
Earn money from home easily,spam
Annual performance review scheduled,ham
Earn money from home easily,spam
"Congratulations, you’ve won a lottery",spam
Win a FREE iPhone now,spam
Earn money from home easily,spam
Click here to claim your reward,spam
Team lunch at 1 PM today,ham
Get rich quick with this one trick,spam
Don’t forget the team outing next Friday,ham
Reminder: Submit your timesheet,ham
Review the PR before 5 PM,ham
"Congratulations, you’ve won a lottery",spam
"Limited time offer, buy now",spam
100% guaranteed weight loss,spam
Let’s connect for the project discussion,ham
"Your loan is approved, apply now",spam
Meeting scheduled at 10 AM tomorrow,ham
Meet singles in your area,spam
Meeting scheduled at 10 AM tomorrow,ham
Team lunch at 1 PM today,ham
Click here to claim your reward,spam
Let’s connect for the project discussion,ham
Click here to claim your reward,spam
"Congratulations, you’ve won a lottery",spam
"Limited time offer, buy now",spam
Team lunch at 1 PM today,ham
Click here to claim your reward,spam
Annual performance review scheduled,ham
Urgent: Your account has been suspended,spam
100% guaranteed weight loss,spam
Click here to claim your reward,spam
Invoice for your last month purchase,ham
Review the PR before 5 PM,ham
Win a FREE iPhone now,spam
Team lunch at 1 PM today,ham
"Limited time offer, buy now",spam
Get rich quick with this one trick,spam
Get rich quick with this one trick,spam
Earn money from home easily,spam
Team lunch at 1 PM today,ham
Click here to claim your reward,spam
Here’s the summary of our last meeting,ham
Annual performance review scheduled,ham
Urgent: Your account has been suspended,spam
Team lunch at 1 PM today,ham
Annual performance review scheduled,ham
Earn money from home easily,spam
Review the PR before 5 PM,ham
"Congratulations, you’ve won a lottery",spam
Meeting scheduled at 10 AM tomorrow,ham
Here’s the summary of our last meeting,ham
Click here to claim your reward,spam
Click here to claim your reward,spam
Don’t forget the team outing next Friday,ham
Annual performance review scheduled,ham
Win a FREE iPhone now,spam
Click here to claim your reward,spam
Annual performance review scheduled,ham
Review the PR before 5 PM,ham
Win a FREE iPhone now,spam
Don’t forget the team outing next Friday,ham
Get rich quick with this one trick,spam
Annual performance review scheduled,ham
"Congratulations, you’ve won a lottery",spam
Team lunch at 1 PM today,ham
Meet singles in your area,spam
Earn money from home easily,spam
Review the PR before 5 PM,ham
Review the PR before 5 PM,ham
Earn money from home easily,spam
Win a FREE iPhone now,spam
Here’s the summary of our last meeting,ham
Get rich quick with this one trick,spam
Invoice for your last month purchase,ham
Please find the attached report,ham
Annual performance review scheduled,ham
100% guaranteed weight loss,spam
Don’t forget the team outing next Friday,ham
"Congratulations, you’ve won a lottery",spam
Meet singles in your area,spam
Click here to claim your reward,spam
Win a FREE iPhone now,spam
Don’t forget the team outing next Friday,ham
Click here to claim your reward,spam
Review the PR before 5 PM,ham
Click here to claim your reward,spam
"Limited time offer, buy now",spam
Let’s connect for the project discussion,ham
Team lunch at 1 PM today,ham
Annual performance review scheduled,ham
Get rich quick with this one trick,spam
Meeting scheduled at 10 AM tomorrow,ham
"Your loan is approved, apply now",spam
100% guaranteed weight loss,spam
"Your loan is approved, apply now",spam
Click here to claim your reward,spam
Please find the attached report,ham
Invoice for your last month purchase,ham
Meet singles in your area,spam
Team lunch at 1 PM today,ham
"Congratulations, you’ve won a lottery",spam
Get rich quick with this one trick,spam
Annual performance review scheduled,ham
Click here to claim your reward,spam
Please find the attached report,ham
Meet singles in your area,spam
Team lunch at 1 PM today,ham
100% guaranteed weight loss,spam
Reminder: Submit your timesheet,ham
Annual performance review scheduled,ham
Click here to claim your reward,spam
Earn money from home easily,spam
Click here to claim your reward,spam
"Your loan is approved, apply now",spam
Click here to claim your reward,spam
Get rich quick with this one trick,spam
Urgent: Your account has been suspended,spam
Win a FREE iPhone now,spam
Here’s the summary of our last meeting,ham
Meeting scheduled at 10 AM tomorrow,ham
Here’s the summary of our last meeting,ham
Urgent: Your account has been suspended,spam
Invoice for your last month purchase,ham
100% guaranteed weight loss,spam
Click here to claim your reward,spam
Please find the attached report,ham
Urgent: Your account has been suspended,spam
Please find the attached report,ham
100% guaranteed weight loss,spam
Here’s the summary of our last meeting,ham
Meeting scheduled at 10 AM tomorrow,ham
"Limited time offer, buy now",spam
Win a FREE iPhone now,spam
"Limited time offer, buy now",spam
Let’s connect for the project discussion,ham
Review the PR before 5 PM,ham
100% guaranteed weight loss,spam
Team lunch at 1 PM today,ham
Please find the attached report,ham
